,BLEU,ROUGE-L,BERTScore-F1
Base,15.146728697055824,41.26208356252036,90.49652814865112
Fine-tuned,25.12750550462405,45.91387653915099,93.13214421272278
