{
  "num_queries": 1000,
  "num_jds": 580,
  "metrics": {
    "overall": {
      "hit@1": 0.323766,
      "hit@10": 0.586682,
      "hit@5": 0.498278,
      "recall@1": 0.27525,
      "recall@10": 0.470406,
      "recall@5": 0.412894
    },
    "by_split": {
      "test": {
        "hit@1": 0.128571,
        "hit@10": 0.242857,
        "hit@5": 0.214286,
        "recall@1": 0.128571,
        "recall@10": 0.242857,
        "recall@5": 0.207143
      },
      "train": {
        "hit@1": 0.340824,
        "hit@10": 0.616729,
        "hit@5": 0.523096,
        "recall@1": 0.288068,
        "recall@10": 0.490292,
        "recall@5": 0.430875
      }
    },
    "by_type": {
      "t1": {
        "hit@1": 0.650307,
        "hit@10": 0.840491,
        "hit@5": 0.803681,
        "recall@1": 0.650307,
        "recall@10": 0.840491,
        "recall@5": 0.803681
      },
      "t2": {
        "hit@1": 0.381356,
        "hit@10": 0.686441,
        "hit@5": 0.559322,
        "recall@1": 0.381356,
        "recall@10": 0.686441,
        "recall@5": 0.559322
      },
      "t3": {
        "hit@1": 0.1,
        "hit@10": 0.405,
        "hit@5": 0.265,
        "recall@1": 0.022464,
        "recall@10": 0.088702,
        "recall@5": 0.056405
      },
      "t4": {
        "hit@1": 0.341667,
        "hit@10": 0.625,
        "hit@5": 0.541667,
        "recall@1": 0.341667,
        "recall@10": 0.625,
        "recall@5": 0.541667
      },
      "t5": {
        "hit@1": 0.15,
        "hit@10": 0.51,
        "hit@5": 0.37,
        "recall@1": 0.0275,
        "recall@10": 0.149833,
        "recall@5": 0.0935
      },
      "t6": {
        "hit@1": 0.46,
        "hit@10": 0.7,
        "hit@5": 0.68,
        "recall@1": 0.315,
        "recall@10": 0.68,
        "recall@5": 0.63
      },
      "t7": {
        "hit@1": 0.128571,
        "hit@10": 0.228571,
        "hit@5": 0.2,
        "recall@1": 0.128571,
        "recall@10": 0.228571,
        "recall@5": 0.2
      }
    }
  },
  "systems": {
    "bgem3_dense_only": {
      "hit@1": 0.323766,
      "hit@10": 0.586682,
      "hit@5": 0.498278,
      "recall@1": 0.27525,
      "recall@10": 0.470406,
      "recall@5": 0.412894
    },
    "hybrid_rrf_rerank": {
      "hit@1": 0.654,
      "hit@10": 0.79,
      "hit@5": 0.761,
      "recall@1": 0.491702,
      "recall@10": 0.576155,
      "recall@5": 0.553114
    }
  }
}